job_id,title,company,description,contract_type,location,category,created,salary_min,salary_max,salary_is_predicted,latitude,longitude,redirect_url,relevance_score,relevance_level,nlp_text,skills_found
5849923648,Data Analyst,Shuru Technologies Private Limited,"This is a remote position. Shuru is a self-managed technology team specializing in accelerating visions through product, technology, and AI leadership. With a focus on bespoke execution, we deliver impactful solutions that are scalable and designed for success. At Shuru, we deliver mobile solutions that meet and exceed customer expectations. Our collaborative and fast-paced environment encourages creativity and innovation. We are looking for a Senior Reporting Analyst with strong hands-on exper…",permanent,"Sanganer, Jaipur",IT Jobs,2026-08-21 01:15:50+00:00,,,0,26.9172,75.80805,https://www.adzuna.in/details/5849923648?utm_medium=api&utm_source=67045292,3,Medium,"data analyst this is a remote position. shuru is a self-managed technology team specializing in accelerating visions through product, technology, and ai leadership. with a focus on bespoke execution, we deliver impactful solutions that are scalable and designed for success. at shuru, we deliver mobile solutions that meet and exceed customer expectations. our collaborative and fast-paced environment encourages creativity and innovation. we are looking for a senior reporting analyst with strong hands-on exper…","['Data Analysis', 'Reporting']"
5817333511,Data Analyst,Emotions for Business,"Chi è il Data Analyst? È un professionista dotato delle competenze necessarie ad analizzare e aggregare i dati, al fine di studiare, ad esempio, l’andamento di un determinato prodotto e consentire, così, all’azienda di progettare i propri modelli di business in modo prospettico, con creazione di un vantaggio competitivo sul mercato. Il Data Analyst possiede competenze trasversali, che possono essere non solo tecniche ma anche statistiche, gestionali e di comunicazione. Tra le principali attivit…",,"Ajmer, Rajasthan",IT Jobs,2026-07-27 15:56:33+00:00,,,0,26.52495,74.604,https://www.adzuna.in/details/5817333511?utm_medium=api&utm_source=67045292,2,Medium,"data analyst chi è il data analyst? è un professionista dotato delle competenze necessarie ad analizzare e aggregare i dati, al fine di studiare, ad esempio, l’andamento di un determinato prodotto e consentire, così, all’azienda di progettare i propri modelli di business in modo prospettico, con creazione di un vantaggio competitivo sul mercato. il data analyst possiede competenze trasversali, che possono essere non solo tecniche ma anche statistiche, gestionali e di comunicazione. tra le principali attivit…",['Data Analysis']
5835481813,Senior Data Analyst,Seternity Solutions,"Key Responsibilities Analyze large datasets and generate insights Develop dashboards and automated reports Support business teams with data-driven analysis Improve data processes and reporting structures Review and validate analytical outputs Skills Advanced Excel and data analysis Data visualization tools (Power BI, Tableau) SQL or basic database querying Analytical problem solving Experience Required 2–4 years Education Required Bachelor’s or Master’s degree in Data Analytics, Statistics, Com…",,"Ajmer, Rajasthan",IT Jobs,2026-08-10 16:02:30+00:00,,,0,26.52495,74.604,https://www.adzuna.in/details/5835481813?utm_medium=api&utm_source=67045292,9,High,"senior data analyst key responsibilities analyze large datasets and generate insights develop dashboards and automated reports support business teams with data-driven analysis improve data processes and reporting structures review and validate analytical outputs skills advanced excel and data analysis data visualization tools (power bi, tableau) sql or basic database querying analytical problem solving experience required 2–4 years education required bachelor’s or master’s degree in data analytics, statistics, com…","['SQL', 'Excel', 'Power BI', 'Tableau', 'Data Analysis', 'Reporting', 'Data Visualization']"
5836846759,Data & Reporting Analyst (Credit Card Risk),Kadel Labs,"About Kadel Labs Kadel Labs is a deep-tech IT services company delivering high-quality technology solutions since 2017. We specialize in Digital Transformation, Data Engineering, Cloud, AI/ML, and Enterprise Applications, helping global enterprises build scalable and innovative solutions. Kadel Labs is a CMMI Level 3 and ISO 27001:2022 certified organization committed to engineering excellence and customer success. About the Role: Data & Reporting Analyst (Credit Card Risk) Role Purpose: Own ri…",,"Badgaon, Udaipur",IT Jobs,2026-08-11 20:59:03+00:00,,,0,24.55955,73.699,https://www.adzuna.in/details/5836846759?utm_medium=api&utm_source=67045292,3,Medium,"data & reporting analyst (credit card risk) about kadel labs kadel labs is a deep-tech it services company delivering high-quality technology solutions since 2017. we specialize in digital transformation, data engineering, cloud, ai/ml, and enterprise applications, helping global enterprises build scalable and innovative solutions. kadel labs is a cmmi level 3 and iso 27001:2022 certified organization committed to engineering excellence and customer success. about the role: data & reporting analyst (credit card risk) role purpose: own ri…","['Reporting', 'Data Engineering', 'Cloud', 'AI / ML']"
5777256344,Data Specialist,YipitData,"About YipitData: YipitData is the leading market research and analytics firm for the disruptive economy and recently raised up to $475M from The Carlyle Group at a valuation over $1B. We analyze billions of alternative data points every day to provide accurate, detailed insights on ridesharing, e-commerce marketplaces, payments, and more. Our on-demand insights team uses proprietary technology to identify, license, clean, and analyze the data many of the worlds largest investment funds and corp…",,"Jaipur, Rajasthan",Scientific & QA Jobs,2026-06-26 10:34:30+00:00,,,0,26.7441,75.9469,https://www.adzuna.in/details/5777256344?utm_medium=api&utm_source=67045292,3,Medium,"data specialist about yipitdata: yipitdata is the leading market research and analytics firm for the disruptive economy and recently raised up to $475m from the carlyle group at a valuation over $1b. we analyze billions of alternative data points every day to provide accurate, detailed insights on ridesharing, e-commerce marketplaces, payments, and more. our on-demand insights team uses proprietary technology to identify, license, clean, and analyze the data many of the worlds largest investment funds and corp…",[]
5369756037,Power BI Developer,Resources Valley,"Key Responsibilities: Design, develop, and maintain interactive dashboards and reports using Power BI and Looker. Write and optimize DAX queries to support complex business logic and calculations. Collaborate with data engineers, analysts, and business stakeholders to understand reporting needs and translate them into technical solutions. Ensure data accuracy, consistency, and performance across BI solutions. Perform data analysis and validation to support business initiatives. Automate and str…",,"Jaipur, Rajasthan",IT Jobs,2025-08-27 05:48:43+00:00,600000.0,1600000.0,0,26.7441,75.9469,https://www.adzuna.in/details/5369756037?utm_medium=api&utm_source=67045292,4,High,"power bi developer key responsibilities: design, develop, and maintain interactive dashboards and reports using power bi and looker. write and optimize dax queries to support complex business logic and calculations. collaborate with data engineers, analysts, and business stakeholders to understand reporting needs and translate them into technical solutions. ensure data accuracy, consistency, and performance across bi solutions. perform data analysis and validation to support business initiatives. automate and str…","['Power BI', 'Data Analysis', 'Reporting', 'Data Engineering']"
5827168805,Business Analyst,Decipher Zone Technologies,"Business Analyst (International Sales) About Decipher Zone Technologies Decipher Zone Technologies is a leading software development and IT consulting company delivering innovative digital solutions to clients worldwide. We specialize in Web & Mobile App Development, AI/ML, Cloud Solutions, DevOps, UI/UX Design, Enterprise Software, and Custom Software Development. With a commitment to innovation, quality, and customer satisfaction, we help businesses transform ideas into scalable technology so…",,"Jaipur, Rajasthan",Sales Jobs,2026-08-04 06:38:35+00:00,,,0,26.7441,75.9469,https://www.adzuna.in/details/5827168805?utm_medium=api&utm_source=67045292,2,Medium,"business analyst business analyst (international sales) about decipher zone technologies decipher zone technologies is a leading software development and it consulting company delivering innovative digital solutions to clients worldwide. we specialize in web & mobile app development, ai/ml, cloud solutions, devops, ui/ux design, enterprise software, and custom software development. with a commitment to innovation, quality, and customer satisfaction, we help businesses transform ideas into scalable technology so…","['Cloud', 'AI / ML']"
5848055985,Business Analyst,Resources Valley,"Role Overview We are looking for a proactive and detail-oriented Business Analyst with strong communication and analytical skills to support requirement gathering, client coordination, and project execution activities. The ideal candidate should possess good aptitude, structured thinking, and the ability to work closely with cross-functional teams in a fast-paced delivery environment. Key Responsibilities ●Gather, analyze, and document business and functional requirements ●Coordinate with clien…",,"Jaipur, Rajasthan",IT Jobs,2026-08-19 16:03:45+00:00,1000000.0,1800000.0,0,26.7441,75.9469,https://www.adzuna.in/details/5848055985?utm_medium=api&utm_source=67045292,2,Medium,"business analyst role overview we are looking for a proactive and detail-oriented business analyst with strong communication and analytical skills to support requirement gathering, client coordination, and project execution activities. the ideal candidate should possess good aptitude, structured thinking, and the ability to work closely with cross-functional teams in a fast-paced delivery environment. key responsibilities ●gather, analyze, and document business and functional requirements ●coordinate with clien…",[]
5723926098,Business analyst,Pericent BPMDMS software,"Job Title: Pre-Sales Consultant Department: Sales Location: Jaipur, Rajasthan (Full-time, in-office with demo travel) Employment Type: Full-Time, Permanent Experience Required: 2–4 Years Open Positions: 1 Role Summary We are looking for a skilled Pre-Sales Consultant to support our growing sales pipeline by delivering impactful product demonstrations and handling technical engagements. The candidate will play a critical role in driving technical wins during the sales cycle, with deep expertise …",permanent,"Jaipur, Rajasthan",IT Jobs,2026-05-09 12:15:06+00:00,300000.0,500000.0,0,26.7441,75.9469,https://www.adzuna.in/details/5723926098?utm_medium=api&utm_source=67045292,2,Medium,"business analyst job title: pre-sales consultant department: sales location: jaipur, rajasthan (full-time, in-office with demo travel) employment type: full-time, permanent experience required: 2–4 years open positions: 1 role summary we are looking for a skilled pre-sales consultant to support our growing sales pipeline by delivering impactful product demonstrations and handling technical engagements. the candidate will play a critical role in driving technical wins during the sales cycle, with deep expertise …",[]
5434759664,Senior Business Analyst,Talentvibes Solutions,"Senior Business Analyst Job Summary We are seeking an experienced Senior Business Analyst to lead business analysis activities, collaborate with senior management, and contribute to strategic initiatives that align with the organization's goals. The Senior Business Analyst will play a key role in driving business process improvements, optimizing efficiency, and ensuring the successful execution of projects. The role involves working with cross-functional teams, providing leadership and mentorsh…",,"Jaipur, Rajasthan",IT Jobs,2025-10-07 06:43:38+00:00,1000000.0,1400000.0,0,26.7441,75.9469,https://www.adzuna.in/details/5434759664?utm_medium=api&utm_source=67045292,2,Medium,"senior business analyst senior business analyst job summary we are seeking an experienced senior business analyst to lead business analysis activities, collaborate with senior management, and contribute to strategic initiatives that align with the organization's goals. the senior business analyst will play a key role in driving business process improvements, optimizing efficiency, and ensuring the successful execution of projects. the role involves working with cross-functional teams, providing leadership and mentorsh…",[]
5839165357,Business Analyst post sales (IT Sector),ViralChilly,"Job Type Location: Mansarovar, Jaipur Work Mode: Work From Office(full time) Working Days: 5 Days a Week Freshers Need Not Apply (Minimum 1 Year Experience Required) About the Role, Experienced Project Manager with strong post-sales ownership, managing Web Development, SEO, and UI/UX projects across multiple clients. Adept at understanding client business goals, translating requirements into clear execution plans, coordinating with cross-functional teams, and ensuring on-time, high-quality deli…",,"Sanganer, Jaipur",IT Jobs,2026-08-13 06:58:16+00:00,216000.0,360000.0,0,26.8606,75.7048,https://www.adzuna.in/details/5839165357?utm_medium=api&utm_source=67045292,2,Medium,"business analyst post sales (it sector) job type location: mansarovar, jaipur work mode: work from office(full time) working days: 5 days a week freshers need not apply (minimum 1 year experience required) about the role, experienced project manager with strong post-sales ownership, managing web development, seo, and ui/ux projects across multiple clients. adept at understanding client business goals, translating requirements into clear execution plans, coordinating with cross-functional teams, and ensuring on-time, high-quality deli…",[]
5846723412,"BMAG – Analytics Analyst, AS",Deutsche Bank,"This job is with Deutsche Bank, an inclusive employer and a member of myGwork – the largest global platform for the LGBTQ business community. Please do not contact the recruiter directly. Position Overview Role Description BMAG (Business Management and Analytics Group) partners with various COOs/Operations leads in delivering various value added reporting, analytics and lead/support in various projects and initiatives. As an Associate in Business Management & Analytics Group, Create informative…",,"Jaipur, Rajasthan",IT Jobs,2026-08-18 18:03:39+00:00,,,0,26.7441,75.9469,https://www.adzuna.in/land/ad/5846723412?se=oAZJbkCg8RGoxpN31Vp7kA&utm_medium=api&utm_source=67045292&v=135CD9B01F5791BE8307555C20F7F5B09B339D31,2,Medium,"bmag – analytics analyst, as this job is with deutsche bank, an inclusive employer and a member of mygwork – the largest global platform for the lgbtq business community. please do not contact the recruiter directly. position overview role description bmag (business management and analytics group) partners with various coos/operations leads in delivering various value added reporting, analytics and lead/support in various projects and initiatives. as an associate in business management & analytics group, create informative…",['Reporting']
5838510793,"Regulatory Data & Analytics, AVP",Deutsche Bank,"Job Description: Job Title: Regulatory Data & Analytics, AVP Location: Jaipur, India Role Description The Regulatory Data & Analytics AVP will support the delivery of strategic regulatory reporting, data governance and operational resilience initiatives across the Bank. The role sits at the intersection of Business, Technology, Risk and Regulatory Change and is responsible for ensuring regulatory data is accurate, complete, traceable and governed in accordance with internal policies and externa…",,"Jaipur, Rajasthan",IT Jobs,2026-08-12 21:05:03+00:00,,,0,26.7441,75.9469,https://www.adzuna.in/details/5838510793?utm_medium=api&utm_source=67045292,2,Medium,"regulatory data & analytics, avp job description: job title: regulatory data & analytics, avp location: jaipur, india role description the regulatory data & analytics avp will support the delivery of strategic regulatory reporting, data governance and operational resilience initiatives across the bank. the role sits at the intersection of business, technology, risk and regulatory change and is responsible for ensuring regulatory data is accurate, complete, traceable and governed in accordance with internal policies and externa…",['Reporting']
5525084417,Analytics Manager,Careem,"The role is responsible for driving data-driven insights and strategies to fuel user acquisition, engagement, and retention across Careem's platform and verticals. The role holder will leverage advanced data analytics, understanding of consumer behavior, and prior grasp of key fundamental digital & growth metrics to define and analyze growth opportunities, optimize campaigns and initiatives, and improve key metrics such as CAC, conversion rate and reactivation rate. Key Accountabilities: Data C…",,"Jaipur, Rajasthan",IT Jobs,2025-12-03 05:54:43+00:00,,,0,26.7441,75.9469,https://www.adzuna.in/details/5525084417?utm_medium=api&utm_source=67045292,2,Medium,"analytics manager the role is responsible for driving data-driven insights and strategies to fuel user acquisition, engagement, and retention across careem's platform and verticals. the role holder will leverage advanced data analytics, understanding of consumer behavior, and prior grasp of key fundamental digital & growth metrics to define and analyze growth opportunities, optimize campaigns and initiatives, and improve key metrics such as cac, conversion rate and reactivation rate. key accountabilities: data c…",[]
5832079655,"BMAG – Analytics Analyst, AS",Deutsche Bank,"Job Description: Job Title: BMAG – Analytics Analyst, AS Corporate Title: Associate Location: Jaipur, India Role Description BMAG (Business Management and Analytics Group) partners with various COOs/Operations leads in delivering various value added reporting, analytics and lead/support in various projects and initiatives. As an Associate in Business Management & Analytics Group, Create informative, actionable and repeatable reporting that highlights relevant business trends and opportunities f…",,"Jaipur, Rajasthan",IT Jobs,2026-08-07 20:42:53+00:00,,,0,26.7441,75.9469,https://www.adzuna.in/details/5832079655?utm_medium=api&utm_source=67045292,2,Medium,"bmag – analytics analyst, as job description: job title: bmag – analytics analyst, as corporate title: associate location: jaipur, india role description bmag (business management and analytics group) partners with various coos/operations leads in delivering various value added reporting, analytics and lead/support in various projects and initiatives. as an associate in business management & analytics group, create informative, actionable and repeatable reporting that highlights relevant business trends and opportunities f…",['Reporting']
5844139635,Product Data Specialist,Satelliet Meubelen B.V.,"Home Werken bij Product Data Specialist - Breda (40 uur) Inloggen met je account E-mailadres Wachtwoord Wachtwoord vergeten? Account aanmaken Account aanmaken Product Data Specialist Solliciteer direct Breda | mbo/hbo | 40 uur Ben jij een nauwkeurige, proactieve aanpakker met werkervaring in systemen, data en processen? Dan hebben wij een mooie kans voor jou! Voor ons Inkoop team zoeken wij een Product Data Specialist die het een uitdaging vindt om te werken met data, graag processen wil begrij…",,"Ajmer, Rajasthan",IT Jobs,2026-08-16 16:03:19+00:00,,,0,26.52495,74.604,https://www.adzuna.in/details/5844139635?utm_medium=api&utm_source=67045292,2,Medium,"product data specialist home werken bij product data specialist - breda (40 uur) inloggen met je account e-mailadres wachtwoord wachtwoord vergeten? account aanmaken account aanmaken product data specialist solliciteer direct breda | mbo/hbo | 40 uur ben jij een nauwkeurige, proactieve aanpakker met werkervaring in systemen, data en processen? dan hebben wij een mooie kans voor jou! voor ons inkoop team zoeken wij een product data specialist die het een uitdaging vindt om te werken met data, graag processen wil begrij…",[]
